TIFF_file,TIFF_path,JPEG_file,JPEG_path,hamming_distance,ssim_score,used_ssim
quarzo_84_intera_01.tif,/orfeo/cephfs/scratch/mdmc/appliedAI/SEM/backup_folder/denis/10-01-25/quarzo_84_intera_01.tif,L5_e7cffb0b5df14697bc39c66c20ed7948.jpg,/orfeo/cephfs/scratch/mdmc/appliedAI/SEM/public_dataset/Complete_dataset/Tips/L5_e7cffb0b5df14697bc39c66c20ed7948.jpg,18,0.9952854186327762,True
80_Bohemite_DXRL_cat_07.tif,/orfeo/cephfs/scratch/mdmc/appliedAI/SEM/backup_folder/Grenci G/Gioia/2010-09-02/80_Bohemite_DXRL_cat_07.tif,L1_cbb576b206326f9aca965592164c62be.jpg,/orfeo/cephfs/scratch/mdmc/appliedAI/SEM/public_dataset/Complete_dataset/Patterned_surface/L1_cbb576b206326f9aca965592164c62be.jpg,4,0.9922055701210596,True
smp2_03.tif,/orfeo/cephfs/scratch/mdmc/appliedAI/SEM/backup_folder/Matteucci M/mattia/smp2_03.tif,L1_592fa3116f277fd37ee8954d0d4799ce.jpg,/orfeo/cephfs/scratch/mdmc/appliedAI/SEM/public_dataset/Complete_dataset/Patterned_surface/L1_592fa3116f277fd37ee8954d0d4799ce.jpg,8,0.9850527989501064,True
g433c_42.tif,/orfeo/cephfs/scratch/mdmc/appliedAI/SEM/backup_folder/Orru M/140124 - G433C - annealing 380/g433c_42.tif,L6_33f4400fa4460f5978a9654de43913cf.jpg,/orfeo/cephfs/scratch/mdmc/appliedAI/SEM/public_dataset/Complete_dataset/Nanowires/L6_33f4400fa4460f5978a9654de43913cf.jpg,4,0.996517009727516,True
SOI15_44.tif,/orfeo/cephfs/scratch/mdmc/appliedAI/SEM/backup_folder/Greco S M L/Fremors/2015-03-30/SOI15_44.tif,L8_cb396a54a8cbdbea6a9bdc6a6bfd69b1.jpg,/orfeo/cephfs/scratch/mdmc/appliedAI/SEM/public_dataset/Complete_dataset/MEMS_devices_and_electrodes/L8_cb396a54a8cbdbea6a9bdc6a6bfd69b1.jpg,6,0.9988020098323928,True
3-D21200-109.tif,/orfeo/cephfs/scratch/mdmc/appliedAI/SEM/backup_folder/luca_p/121008/3-D21200-109.tif,L2_5aa0e3d1175f1b7ea2894ce5dcfb7927.jpg,/orfeo/cephfs/scratch/mdmc/appliedAI/SEM/public_dataset/Complete_dataset/Particles/L2_5aa0e3d1175f1b7ea2894ce5dcfb7927.jpg,20,0.9946754178909084,True
M16_08.tif,/orfeo/cephfs/scratch/mdmc/appliedAI/SEM/backup_folder/Grenci G/napanil/modines/2010-11-08-M16/M16_08.tif,L8_500ae33233adfc7e3f8611aa2480d830.jpg,/orfeo/cephfs/scratch/mdmc/appliedAI/SEM/public_dataset/Complete_dataset/MEMS_devices_and_electrodes/L8_500ae33233adfc7e3f8611aa2480d830.jpg,0,0.9990518124275891,True
smp4_04.tif,/orfeo/cephfs/scratch/mdmc/appliedAI/SEM/backup_folder/Matteucci M/mattia/smp4_04.tif,L1_a7adadec5c08ffec58c25f665c6ebb26.jpg,/orfeo/cephfs/scratch/mdmc/appliedAI/SEM/public_dataset/Complete_dataset/Patterned_surface/L1_a7adadec5c08ffec58c25f665c6ebb26.jpg,10,0.9904631856905938,True
Z3_sottile_02.tif,/orfeo/cephfs/scratch/mdmc/appliedAI/SEM/backup_folder/Giusy/Nanostructures/Bidini_ZnO/Z3_sottile/Z3_sottile_02.tif,L3_d3d842602d0515e90ed87a146350423f.jpg,/orfeo/cephfs/scratch/mdmc/appliedAI/SEM/public_dataset/Complete_dataset/Films_Coated_Surface/L3_d3d842602d0515e90ed87a146350423f.jpg,6,0.9987650094112959,True
N6_BR_05.tif,/orfeo/cephfs/scratch/mdmc/appliedAI/SEM/backup_folder/Orru M/130824 - NW - Batch130823/N6_BR_05.tif,L8_e421d3e98f280caa9693f0af1f2d7af9.jpg,/orfeo/cephfs/scratch/mdmc/appliedAI/SEM/public_dataset/Complete_dataset/MEMS_devices_and_electrodes/L8_e421d3e98f280caa9693f0af1f2d7af9.jpg,2,0.9979990966001583,True
LX215_09.tif,/orfeo/cephfs/scratch/mdmc/appliedAI/SEM/backup_folder/Giorgis V/20120319_LX/LX215_09.tif,L1_372d504cab63bceed5dce5c0b6a92860.jpg,/orfeo/cephfs/scratch/mdmc/appliedAI/SEM/public_dataset/Complete_dataset/Patterned_surface/L1_372d504cab63bceed5dce5c0b6a92860.jpg,16,0.9917934322824657,True
ADF2_1_04.tif,/orfeo/cephfs/scratch/mdmc/appliedAI/SEM/backup_folder/Greco S M L/MF_Cut_1/ADF2_1_04.tif,L8_2dea63f8d7832acb56f5de3d57807e17.jpg,/orfeo/cephfs/scratch/mdmc/appliedAI/SEM/public_dataset/Complete_dataset/MEMS_devices_and_electrodes/L8_2dea63f8d7832acb56f5de3d57807e17.jpg,14,0.9964976942530139,True
QCNP_87_900C_1.5h_SolNit_3h_55.tif,/orfeo/cephfs/scratch/mdmc/appliedAI/SEM/backup_folder/denis/10-07-12/QCNP_87_900C_1.5h_SolNit_3h_55.tif,L1_23b71f996303ed16696f8794b0a3a12b.jpg,/orfeo/cephfs/scratch/mdmc/appliedAI/SEM/public_dataset/Complete_dataset/Patterned_surface/L1_23b71f996303ed16696f8794b0a3a12b.jpg,96,0.10093022895358547,True
Spinals_ALE_11.tif,/orfeo/cephfs/scratch/mdmc/appliedAI/SEM/backup_folder/denis/12-09-07/Spinals_ALE_11.tif,L7_070225a7efbf827891621ff305d3126b.jpg,/orfeo/cephfs/scratch/mdmc/appliedAI/SEM/public_dataset/Complete_dataset/Biological/L7_070225a7efbf827891621ff305d3126b.jpg,4,0.9988483844718232,True
gr_on_Ni10016.tif,/orfeo/cephfs/scratch/mdmc/appliedAI/SEM/backup_folder/Jeromy/20160301/gr_on_Ni10016.tif,L3_e6952b091fe101261a5e12dd075f8764.jpg,/orfeo/cephfs/scratch/mdmc/appliedAI/SEM/public_dataset/Complete_dataset/Films_Coated_Surface/L3_e6952b091fe101261a5e12dd075f8764.jpg,2,0.99914711189139,True
grande03.tif,/orfeo/cephfs/scratch/mdmc/appliedAI/SEM/backup_folder/Lazzarino M/cleavage/icp_030309/grande03.tif,L1_356dd0986f3346cdf0d560ad6494d14a.jpg,/orfeo/cephfs/scratch/mdmc/appliedAI/SEM/public_dataset/Complete_dataset/Patterned_surface/L1_356dd0986f3346cdf0d560ad6494d14a.jpg,8,0.9984238716960471,True
C1_06.tif,/orfeo/cephfs/scratch/mdmc/appliedAI/SEM/backup_folder/Grenci G/Shyju/2007-09-18/C1_06.tif,L2_59a0495b3b7ff8d44238b5e289440215.jpg,/orfeo/cephfs/scratch/mdmc/appliedAI/SEM/public_dataset/Complete_dataset/Particles/L2_59a0495b3b7ff8d44238b5e289440215.jpg,14,0.9972211217328693,True
used02012013_noaperture_02.tif,/orfeo/cephfs/scratch/mdmc/appliedAI/SEM/backup_folder/Lazzarino M/punte torre/fibreusate_gennaio/used02012013_noaperture_02.tif,L5_5c0fdf3a408d6fa389ae3a3cbcb82f4b.jpg,/orfeo/cephfs/scratch/mdmc/appliedAI/SEM/public_dataset/Complete_dataset/Tips/L5_5c0fdf3a408d6fa389ae3a3cbcb82f4b.jpg,8,0.9957874684934558,True
QCNP_850_4h_4h5s15m_Giada_E_02.tif,/orfeo/cephfs/scratch/mdmc/appliedAI/SEM/backup_folder/denis/10-09-06/QCNP_850_4h_4h5s15m_Giada_E_02.tif,L5_20227cc6928cab772b2e6970796d383f.jpg,/orfeo/cephfs/scratch/mdmc/appliedAI/SEM/public_dataset/Complete_dataset/Tips/L5_20227cc6928cab772b2e6970796d383f.jpg,6,0.9972777477691599,True
GW_down_lower_04.tif,/orfeo/cephfs/scratch/mdmc/appliedAI/SEM/backup_folder/Grenci G/napanil/modines/2011-12-10/GW_down_lower_04.tif,L8_31161b71e1f9dd3bc2c9794a57462943.jpg,/orfeo/cephfs/scratch/mdmc/appliedAI/SEM/public_dataset/Complete_dataset/MEMS_devices_and_electrodes/L8_31161b71e1f9dd3bc2c9794a57462943.jpg,2,0.9992915820018274,True
bello2_pattern11_03.tif,/orfeo/cephfs/scratch/mdmc/appliedAI/SEM/backup_folder/Grenci G/Innocenzi-solgel/pelosi_140509/bello2-160509/bello2_pattern11_03.tif,L1_91dca8e35234e37088ae995c59f7516c.jpg,/orfeo/cephfs/scratch/mdmc/appliedAI/SEM/public_dataset/Complete_dataset/Patterned_surface/L1_91dca8e35234e37088ae995c59f7516c.jpg,4,0.9982137768691581,True
3000rpm_4sec_02.tif,/orfeo/cephfs/scratch/mdmc/appliedAI/SEM/backup_folder/Grenci G/lenti_081027/litografie/3000rpm_4sec_02.tif,L1_8faa88abc604c0df624e4299f1a1f76b.jpg,/orfeo/cephfs/scratch/mdmc/appliedAI/SEM/public_dataset/Complete_dataset/Patterned_surface/L1_8faa88abc604c0df624e4299f1a1f76b.jpg,10,0.9980847511093867,True
ICP_562_02.tif,/orfeo/cephfs/scratch/mdmc/appliedAI/SEM/backup_folder/Pozzato A/THR/ChipCAT/2013-11-05_ChipCAT/ICP_562_02.tif,L1_0b6aab96a0bc5567ef1ff8629fb16df4.jpg,/orfeo/cephfs/scratch/mdmc/appliedAI/SEM/public_dataset/Complete_dataset/Patterned_surface/L1_0b6aab96a0bc5567ef1ff8629fb16df4.jpg,4,0.9980301365296889,True
CNTs_85A_6s_dr_02.tif,/orfeo/cephfs/scratch/mdmc/appliedAI/SEM/backup_folder/Rago I/2016-03-02/CNTs_85A_6s_dr_02.tif,L6_e7eaad04ea806d36b821c1647e848c0c.jpg,/orfeo/cephfs/scratch/mdmc/appliedAI/SEM/public_dataset/Complete_dataset/Nanowires/L6_e7eaad04ea806d36b821c1647e848c0c.jpg,2,0.9990222079824133,True
Au_NP10_BLT_SH07.tif,/orfeo/cephfs/scratch/mdmc/appliedAI/SEM/backup_folder/Nappini S/2012-05-14/Au_NP10_BLT_SH07.tif,L2_2a98a32aa5154ee6933de3e3749d727f.jpg,/orfeo/cephfs/scratch/mdmc/appliedAI/SEM/public_dataset/Complete_dataset/Particles/L2_2a98a32aa5154ee6933de3e3749d727f.jpg,2,0.9963503559814127,True
N3_TR_07.tif,/orfeo/cephfs/scratch/mdmc/appliedAI/SEM/backup_folder/Orru M/130909 - NW - Batch130823 - After 30nmHfOx-60Cr40Au/N3_TR_07.tif,L8_43c4d8e8b3b6e58d34aab6eb652553f8.jpg,/orfeo/cephfs/scratch/mdmc/appliedAI/SEM/public_dataset/Complete_dataset/MEMS_devices_and_electrodes/L8_43c4d8e8b3b6e58d34aab6eb652553f8.jpg,2,0.9984570033860909,True
ITOw_5.3_05.tif,/orfeo/cephfs/scratch/mdmc/appliedAI/SEM/backup_folder/Lorenzo D/04_06/ITOw_5.3_05.tif,L2_2870a38baf3582c3a883e546eaa7c336.jpg,/orfeo/cephfs/scratch/mdmc/appliedAI/SEM/public_dataset/Complete_dataset/Particles/L2_2870a38baf3582c3a883e546eaa7c336.jpg,4,0.9972632935700272,True
DOUBLE D16 conc 2B03.tif,/orfeo/cephfs/scratch/mdmc/appliedAI/SEM/backup_folder/luca_p/130313/DOUBLE D16 conc 2B03.tif,L2_30a69a1cb456bb0383015e79bdbb1885.jpg,/orfeo/cephfs/scratch/mdmc/appliedAI/SEM/public_dataset/Complete_dataset/Particles/L2_30a69a1cb456bb0383015e79bdbb1885.jpg,12,0.9960069746348628,True
A20_BL_06.tif,/orfeo/cephfs/scratch/mdmc/appliedAI/SEM/backup_folder/Orru M/140226 - nw - test 2/A20_BL_06.tif,L8_128b825e8c59f89e10e8fabd50a8bc49.jpg,/orfeo/cephfs/scratch/mdmc/appliedAI/SEM/public_dataset/Complete_dataset/MEMS_devices_and_electrodes/L8_128b825e8c59f89e10e8fabd50a8bc49.jpg,6,0.9971499964555134,True
B_03.tif,/orfeo/cephfs/scratch/mdmc/appliedAI/SEM/backup_folder/Pozzato A/2007/2007-03-21/B_03.tif,L1_1216404ea3c22a2b2a6383a0529d3c20.jpg,/orfeo/cephfs/scratch/mdmc/appliedAI/SEM/public_dataset/Complete_dataset/Patterned_surface/L1_1216404ea3c22a2b2a6383a0529d3c20.jpg,8,0.9980967714428775,True
A27_TL_25.tif,/orfeo/cephfs/scratch/mdmc/appliedAI/SEM/backup_folder/Orru M/140520 - Batch 140519 - NiGeAu/A27_TL_25.tif,L8_26fe70ba531f5686365b9bed3c6ffbc4.jpg,/orfeo/cephfs/scratch/mdmc/appliedAI/SEM/public_dataset/Complete_dataset/MEMS_devices_and_electrodes/L8_26fe70ba531f5686365b9bed3c6ffbc4.jpg,2,0.9981744899990904,True
MZI_12.tif,/orfeo/cephfs/scratch/mdmc/appliedAI/SEM/backup_folder/Greco S M L/MRR MZI/2014-10-28/MZI_12.tif,L8_c60d43586a41ff2a116fc3a72e45399b.jpg,/orfeo/cephfs/scratch/mdmc/appliedAI/SEM/public_dataset/Complete_dataset/MEMS_devices_and_electrodes/L8_c60d43586a41ff2a116fc3a72e45399b.jpg,2,0.9976492972450957,True
N1_TL_16.tif,/orfeo/cephfs/scratch/mdmc/appliedAI/SEM/backup_folder/Orru M/130802 - NW - Batch130731/N1_TL_16.tif,L8_1c70c7a10257f9ac346559f67874c53d.jpg,/orfeo/cephfs/scratch/mdmc/appliedAI/SEM/public_dataset/Complete_dataset/MEMS_devices_and_electrodes/L8_1c70c7a10257f9ac346559f67874c53d.jpg,6,0.9979667202743476,True
CNP_inflow_Long_noCAT_Back_01.tif,/orfeo/cephfs/scratch/mdmc/appliedAI/SEM/backup_folder/denis/10-02-26/CNP_inflow_Long_noCAT_Back_01.tif,L5_ddffa5a0b9847ad9a2a503623a9c4921.jpg,/orfeo/cephfs/scratch/mdmc/appliedAI/SEM/public_dataset/Complete_dataset/Tips/L5_ddffa5a0b9847ad9a2a503623a9c4921.jpg,6,0.9957857007214563,True
B2_04.tif,/orfeo/cephfs/scratch/mdmc/appliedAI/SEM/backup_folder/GiovanniDS/2015-06-30/B2_04.tif,L6_0cbdde8a5c53052438d018f5bd35f151.jpg,/orfeo/cephfs/scratch/mdmc/appliedAI/SEM/public_dataset/Complete_dataset/Nanowires/L6_0cbdde8a5c53052438d018f5bd35f151.jpg,2,0.9968440878460169,True
M2_TR_21.tif,/orfeo/cephfs/scratch/mdmc/appliedAI/SEM/backup_folder/Orru M/130730 - NW - Batch130727/M2_TR_21.tif,L8_bd8ccff03d87f43019c934a7ed36c4ab.jpg,/orfeo/cephfs/scratch/mdmc/appliedAI/SEM/public_dataset/Complete_dataset/MEMS_devices_and_electrodes/L8_bd8ccff03d87f43019c934a7ed36c4ab.jpg,4,0.99769637497386,True
OTS wet 1h+fornace10.tif,/orfeo/cephfs/scratch/mdmc/appliedAI/SEM/backup_folder/DanieleB/capped pillars/silanizzazione dubbia 17-10-13/OTS wet 1h+fornace10.tif,L1_dc1930e8a6a1bf638c545105d312519b.jpg,/orfeo/cephfs/scratch/mdmc/appliedAI/SEM/public_dataset/Complete_dataset/Patterned_surface/L1_dc1930e8a6a1bf638c545105d312519b.jpg,24,0.9771418261640636,True
Dots_Si_1_02.tif,/orfeo/cephfs/scratch/mdmc/appliedAI/SEM/backup_folder/Grenci G/nanoscale master/2010-02-13-dots francesi/Dots_Si_1_02.tif,L1_cf94232c436e3f12e4e875560dae22fb.jpg,/orfeo/cephfs/scratch/mdmc/appliedAI/SEM/public_dataset/Complete_dataset/Patterned_surface/L1_cf94232c436e3f12e4e875560dae22fb.jpg,4,0.9979862518064602,True
pozzetti3_bosch_18.tif,/orfeo/cephfs/scratch/mdmc/appliedAI/SEM/backup_folder/DanieleB/spaziatura pillars/silica beads/pozzetti3_bosch_18.tif,L1_3edd9b1cc2d1dd07c58a0305326ef955.jpg,/orfeo/cephfs/scratch/mdmc/appliedAI/SEM/public_dataset/Complete_dataset/Patterned_surface/L1_3edd9b1cc2d1dd07c58a0305326ef955.jpg,88,0.904093150708007,True
L_ITO_9_4_07.tif,/orfeo/cephfs/scratch/mdmc/appliedAI/SEM/backup_folder/Lorenzo D/L_ITO_9/L_ITO_9_4_07.tif,L2_a775529a40d6de96eb767bd5d8f50e6f.jpg,/orfeo/cephfs/scratch/mdmc/appliedAI/SEM/public_dataset/Complete_dataset/Particles/L2_a775529a40d6de96eb767bd5d8f50e6f.jpg,6,0.9986553896247464,True
S1_23.tif,/orfeo/cephfs/scratch/mdmc/appliedAI/SEM/backup_folder/Dalmiglio M/27-11-07/S1_23.tif,L6_4cb7dbe1c3773853530a6d99ba2f237d.jpg,/orfeo/cephfs/scratch/mdmc/appliedAI/SEM/public_dataset/Complete_dataset/Nanowires/L6_4cb7dbe1c3773853530a6d99ba2f237d.jpg,18,0.9919086281053934,True
EBL1251_03.tif,/orfeo/cephfs/scratch/mdmc/appliedAI/SEM/backup_folder/Giorgis V/20131028/EBL1251_03.tif,L1_5ae4856ce50331bc340e2bbb662afc33.jpg,/orfeo/cephfs/scratch/mdmc/appliedAI/SEM/public_dataset/Complete_dataset/Patterned_surface/L1_5ae4856ce50331bc340e2bbb662afc33.jpg,4,0.998582019362622,True
QCNP_87_850C_3.5h_S+N3h_12.tif,/orfeo/cephfs/scratch/mdmc/appliedAI/SEM/backup_folder/denis/10-07-15/QCNP_87_850C_3.5h_S+N3h_12.tif,L5_109077bc55b3fd99139fae8c843a4c6b.jpg,/orfeo/cephfs/scratch/mdmc/appliedAI/SEM/public_dataset/Complete_dataset/Tips/L5_109077bc55b3fd99139fae8c843a4c6b.jpg,16,0.9060272042920919,True
A25_TR_18.tif,/orfeo/cephfs/scratch/mdmc/appliedAI/SEM/backup_folder/Orru M/140306 - NW - Batch140306/A25_TR_18.tif,L8_67ae6477feb893274f8ba14c4a00abb7.jpg,/orfeo/cephfs/scratch/mdmc/appliedAI/SEM/public_dataset/Complete_dataset/MEMS_devices_and_electrodes/L8_67ae6477feb893274f8ba14c4a00abb7.jpg,4,0.9984453681888029,True
ARRAY_b7.tif,/orfeo/cephfs/scratch/mdmc/appliedAI/SEM/backup_folder/elvio/MASSIMO TORMEN/ARRAY_b7.tif,L1_c6fb4a477df02ec063114fac61dced9e.jpg,/orfeo/cephfs/scratch/mdmc/appliedAI/SEM/public_dataset/Complete_dataset/Patterned_surface/L1_c6fb4a477df02ec063114fac61dced9e.jpg,4,0.9987652991288894,True
Neurons_AGi_22072015_PdAu_15.tif,/orfeo/cephfs/scratch/mdmc/appliedAI/SEM/backup_folder/denis/15-08-21/Neurons_AGi_22072015_PdAu_15.tif,L7_2245e32159717a9a2b003549fb70b250.jpg,/orfeo/cephfs/scratch/mdmc/appliedAI/SEM/public_dataset/Complete_dataset/Biological/L7_2245e32159717a9a2b003549fb70b250.jpg,2,0.9990769897755594,True
Algae+Graphene_001GP_00.tif,/orfeo/cephfs/scratch/mdmc/appliedAI/SEM/backup_folder/denis/14-11-07/Algae+Graphene_001GP_00.tif,L0_388b38a8ea05fe41f3f165b9cc61a880.jpg,/orfeo/cephfs/scratch/mdmc/appliedAI/SEM/public_dataset/Complete_dataset/Porous_Sponge/L0_388b38a8ea05fe41f3f165b9cc61a880.jpg,10,0.9986705185271941,True
G434C_09.tif,/orfeo/cephfs/scratch/mdmc/appliedAI/SEM/backup_folder/Orru M/131211 - G434C - tip covered NiGeAuNiAu - small annealed/G434C_09.tif,L6_410e76a4d14856e850a78a0e1cc24f98.jpg,/orfeo/cephfs/scratch/mdmc/appliedAI/SEM/public_dataset/Complete_dataset/Nanowires/L6_410e76a4d14856e850a78a0e1cc24f98.jpg,6,0.9976237032175753,True
15sec_sviluppo_02.tif,/orfeo/cephfs/scratch/mdmc/appliedAI/SEM/backup_folder/Grenci G/Innocenzi-solgel/2010-02-01-pelosi/15sec_sviluppo_02.tif,L1_3eaf06c2e4d0a8f9f0b08855cfd37b68.jpg,/orfeo/cephfs/scratch/mdmc/appliedAI/SEM/public_dataset/Complete_dataset/Patterned_surface/L1_3eaf06c2e4d0a8f9f0b08855cfd37b68.jpg,2,0.9984476835142004,True
Ac2_075_25_69064.tif,/orfeo/cephfs/scratch/mdmc/appliedAI/SEM/backup_folder/GiovanniDS/2015-05-27/Ac2_075_25_69064.tif,L6_7a76866cc84681bff3ebc7f281de8a6c.jpg,/orfeo/cephfs/scratch/mdmc/appliedAI/SEM/public_dataset/Complete_dataset/Nanowires/L6_7a76866cc84681bff3ebc7f281de8a6c.jpg,2,0.999463057703697,True
L5_G141C_TR_21.tif,/orfeo/cephfs/scratch/mdmc/appliedAI/SEM/backup_folder/Orru M/130713 - NW - Batch130710/L5_G141C_TR_21.tif,L8_eccba605a340c754a6d1c52bc770f764.jpg,/orfeo/cephfs/scratch/mdmc/appliedAI/SEM/public_dataset/Complete_dataset/MEMS_devices_and_electrodes/L8_eccba605a340c754a6d1c52bc770f764.jpg,2,0.997453824276463,True
06-11-07_04.tif,/orfeo/cephfs/scratch/mdmc/appliedAI/SEM/backup_folder/flavio/06-11-2007/06-11-07_04.tif,L8_8c1c487690426a163017af4698b7462e.jpg,/orfeo/cephfs/scratch/mdmc/appliedAI/SEM/public_dataset/Complete_dataset/MEMS_devices_and_electrodes/L8_8c1c487690426a163017af4698b7462e.jpg,4,0.994917821960764,True
sample103.tif,/orfeo/cephfs/scratch/mdmc/appliedAI/SEM/backup_folder/Jashmini/2013_06_24/sample103.tif,L2_770fb7d7a953f31c9e371ac46e7135ed.jpg,/orfeo/cephfs/scratch/mdmc/appliedAI/SEM/public_dataset/Complete_dataset/Particles/L2_770fb7d7a953f31c9e371ac46e7135ed.jpg,4,0.9956345291752642,True
Fluorurato_1_11.tif,/orfeo/cephfs/scratch/mdmc/appliedAI/SEM/backup_folder/Grenci G/Innocenzi-solgel/pelosi_140509/Fluorurato_1_11.tif,L1_370c98e49bcfb1b2c4d9636cbca5b5a2.jpg,/orfeo/cephfs/scratch/mdmc/appliedAI/SEM/public_dataset/Complete_dataset/Patterned_surface/L1_370c98e49bcfb1b2c4d9636cbca5b5a2.jpg,2,0.9980193169027801,True
MZI_5_00.tif,/orfeo/cephfs/scratch/mdmc/appliedAI/SEM/backup_folder/Greco S M L/MF_Cut_1/MZI_5_00.tif,L8_9cefe4f6f5452737cb4c9d2219428fb4.jpg,/orfeo/cephfs/scratch/mdmc/appliedAI/SEM/public_dataset/Complete_dataset/MEMS_devices_and_electrodes/L8_9cefe4f6f5452737cb4c9d2219428fb4.jpg,16,0.9958321962962349,True
G433_28.tif,/orfeo/cephfs/scratch/mdmc/appliedAI/SEM/backup_folder/Orru M/140127 - G433C/G433_28.tif,L6_3656e54a6ade6dc894a8e5355bbc5470.jpg,/orfeo/cephfs/scratch/mdmc/appliedAI/SEM/public_dataset/Complete_dataset/Nanowires/L6_3656e54a6ade6dc894a8e5355bbc5470.jpg,10,0.9922207545089311,True
Andrea_26.tif,/orfeo/cephfs/scratch/mdmc/appliedAI/SEM/backup_folder/denis/14-07-30/Andrea_26.tif,L6_dbd81c633be2071191dc09ab3c542139.jpg,/orfeo/cephfs/scratch/mdmc/appliedAI/SEM/public_dataset/Complete_dataset/Nanowires/L6_dbd81c633be2071191dc09ab3c542139.jpg,0,0.9899097095258258,True
modines_04.tif,/orfeo/cephfs/scratch/mdmc/appliedAI/SEM/backup_folder/Grenci G/napanil/modines/2010-02-09-glasgow/modines_04.tif,L8_dad91bd77629d22c19cd5ee182909e14.jpg,/orfeo/cephfs/scratch/mdmc/appliedAI/SEM/public_dataset/Complete_dataset/MEMS_devices_and_electrodes/L8_dad91bd77629d22c19cd5ee182909e14.jpg,18,0.9938046249534362,True
CNP_87_850C_3.5h_rotte_21.tif,/orfeo/cephfs/scratch/mdmc/appliedAI/SEM/backup_folder/denis/10-07-09/CNP_87_850C_3.5h_rotte_21.tif,L5_5dbdf7f4cb312454fa8c7d264e3e3c5d.jpg,/orfeo/cephfs/scratch/mdmc/appliedAI/SEM/public_dataset/Complete_dataset/Tips/L5_5dbdf7f4cb312454fa8c7d264e3e3c5d.jpg,2,0.9948160542304401,True
N5 mixNOTaq05.tif,/orfeo/cephfs/scratch/mdmc/appliedAI/SEM/backup_folder/luca_p/141120/N5 mixNOTaq05.tif,L2_6b066b5b583e7e4693a957266a0faa05.jpg,/orfeo/cephfs/scratch/mdmc/appliedAI/SEM/public_dataset/Complete_dataset/Particles/L2_6b066b5b583e7e4693a957266a0faa05.jpg,8,0.9976191627792281,True
A_ITO_4C_1_bordo_02.tif,/orfeo/cephfs/scratch/mdmc/appliedAI/SEM/backup_folder/Lorenzo D/A_ITO_4/A_ITO_4C_1_bordo_02.tif,L6_ccefb8c64451d2dfea119143ff1385a8.jpg,/orfeo/cephfs/scratch/mdmc/appliedAI/SEM/public_dataset/Complete_dataset/Nanowires/L6_ccefb8c64451d2dfea119143ff1385a8.jpg,4,0.9980148770501811,True
5CL_A_11.tif,/orfeo/cephfs/scratch/mdmc/appliedAI/SEM/backup_folder/Giusy/celle con paste Ke A/5CL_A/5CL_A_11.tif,L4_a8de24f4dd992550459349c7e0be8c50.jpg,/orfeo/cephfs/scratch/mdmc/appliedAI/SEM/public_dataset/Complete_dataset/Powder/L4_a8de24f4dd992550459349c7e0be8c50.jpg,6,0.9969451045718905,True
TiO2_08.tif,/orfeo/cephfs/scratch/mdmc/appliedAI/SEM/backup_folder/Giusy/Nanostructures/TiO2 powder/PDCB/TiO2_PDCB_50_50_EtOH_Airspray/TiO2/TiO2_08.tif,L4_7132dfcbb8a92bf2f9c80ddd1173b537.jpg,/orfeo/cephfs/scratch/mdmc/appliedAI/SEM/public_dataset/Complete_dataset/Powder/L4_7132dfcbb8a92bf2f9c80ddd1173b537.jpg,2,0.9987142467277422,True
CNTs_85A_6s14.tif,/orfeo/cephfs/scratch/mdmc/appliedAI/SEM/backup_folder/Rago I/2016-03-03/CNTs_85A_6s14.tif,L6_59c870c40966715451349eab600d6d60.jpg,/orfeo/cephfs/scratch/mdmc/appliedAI/SEM/public_dataset/Complete_dataset/Nanowires/L6_59c870c40966715451349eab600d6d60.jpg,4,0.9993210361470187,True
SpinalsOnCNTs_23-10-12_77.tif,/orfeo/cephfs/scratch/mdmc/appliedAI/SEM/backup_folder/denis/12-11-05/SpinalsOnCNTs_23-10-12_77.tif,L7_dc0be0e9c5311055553bb42624728a4e.jpg,/orfeo/cephfs/scratch/mdmc/appliedAI/SEM/public_dataset/Complete_dataset/Biological/L7_dc0be0e9c5311055553bb42624728a4e.jpg,4,0.9988010245294088,True
ch85s_wetOTS_Au_08.tif,/orfeo/cephfs/scratch/mdmc/appliedAI/SEM/backup_folder/DanieleB/capped pillars/SILICA BEADS/ch85s_wetOTS_Au_08.tif,L1_00fa35a6f61da36f1c9b79cefd23baea.jpg,/orfeo/cephfs/scratch/mdmc/appliedAI/SEM/public_dataset/Complete_dataset/Patterned_surface/L1_00fa35a6f61da36f1c9b79cefd23baea.jpg,4,0.9971772981185366,True
img_14.tif,/orfeo/cephfs/scratch/mdmc/appliedAI/SEM/backup_folder/elena/dryElectrodesA/img_14.tif,L1_d3df2beda77ebf3b774a3175512ad892.jpg,/orfeo/cephfs/scratch/mdmc/appliedAI/SEM/public_dataset/Complete_dataset/Patterned_surface/L1_d3df2beda77ebf3b774a3175512ad892.jpg,2,0.9972682611700586,True
Andrea_34.tif,/orfeo/cephfs/scratch/mdmc/appliedAI/SEM/backup_folder/denis/14-07-30/Andrea_34.tif,L6_c9b731c812f6c8b661c387b67c954917.jpg,/orfeo/cephfs/scratch/mdmc/appliedAI/SEM/public_dataset/Complete_dataset/Nanowires/L6_c9b731c812f6c8b661c387b67c954917.jpg,4,0.9925043876864381,True
ITOw_5.4_09.tif,/orfeo/cephfs/scratch/mdmc/appliedAI/SEM/backup_folder/Lorenzo D/04_06/ITOw_5.4_09.tif,L6_f730d69aa4a5dce2d914c48cecd2764b.jpg,/orfeo/cephfs/scratch/mdmc/appliedAI/SEM/public_dataset/Complete_dataset/Nanowires/L6_f730d69aa4a5dce2d914c48cecd2764b.jpg,4,0.99509607893204,True
EBL680_08.tif,/orfeo/cephfs/scratch/mdmc/appliedAI/SEM/backup_folder/Giorgis V/20121113/EBL680_08.tif,L1_38bc2799a85cd6fa7b570f691a0341ff.jpg,/orfeo/cephfs/scratch/mdmc/appliedAI/SEM/public_dataset/Complete_dataset/Patterned_surface/L1_38bc2799a85cd6fa7b570f691a0341ff.jpg,4,0.988762411178521,True
C4BL_08.tif,/orfeo/cephfs/scratch/mdmc/appliedAI/SEM/backup_folder/Orru M/130516 - C4SL/C4BL_08.tif,L8_6b3272eda1add0f0f8898aa20b6e9ebb.jpg,/orfeo/cephfs/scratch/mdmc/appliedAI/SEM/public_dataset/Complete_dataset/MEMS_devices_and_electrodes/L8_6b3272eda1add0f0f8898aa20b6e9ebb.jpg,6,0.9971021316002455,True
A66_8DIV_CNT_38.tif,/orfeo/cephfs/scratch/mdmc/appliedAI/SEM/backup_folder/denis/11-03-24/A66_8DIV_CNT_38.tif,L7_29b772b780e1a1cb4968f283d12fcdc2.jpg,/orfeo/cephfs/scratch/mdmc/appliedAI/SEM/public_dataset/Complete_dataset/Biological/L7_29b772b780e1a1cb4968f283d12fcdc2.jpg,4,0.9989282348593324,True
Menthol_airspray_24.tif,/orfeo/cephfs/scratch/mdmc/appliedAI/SEM/backup_folder/Giusy/Nanostructures/TiO2 powder/Menthol_aceton/menthol_TiO2_50_50_airspray/Menthol_airspray_24.tif,L4_4ea1296c1d747c516e9b2399e282dbb6.jpg,/orfeo/cephfs/scratch/mdmc/appliedAI/SEM/public_dataset/Complete_dataset/Powder/L4_4ea1296c1d747c516e9b2399e282dbb6.jpg,4,0.9987398033624635,True
TiO2_13.tif,/orfeo/cephfs/scratch/mdmc/appliedAI/SEM/backup_folder/Giusy/Nanostructures/TiO2 powder/PDCB/TiO2_PDCB_50_50_EtOH_doctor/TiO2/TiO2_13.tif,L4_74bd7dabbfa1b80d7d3a5c542220b702.jpg,/orfeo/cephfs/scratch/mdmc/appliedAI/SEM/public_dataset/Complete_dataset/Powder/L4_74bd7dabbfa1b80d7d3a5c542220b702.jpg,0,0.998753386076655,True
1T4_33.tif,/orfeo/cephfs/scratch/mdmc/appliedAI/SEM/backup_folder/Dal Zilio S/Mistura/2014-10-28/1T4_33.tif,L1_768e661ae91ba7e6f43ef4663016ca91.jpg,/orfeo/cephfs/scratch/mdmc/appliedAI/SEM/public_dataset/Complete_dataset/Patterned_surface/L1_768e661ae91ba7e6f43ef4663016ca91.jpg,14,0.9979502360531337,True
Neuro_C_14.tif,/orfeo/cephfs/scratch/mdmc/appliedAI/SEM/backup_folder/denis/11-07-28/Neuro_C_14.tif,L7_e7d01fe73442b8de9ba07522b87b0641.jpg,/orfeo/cephfs/scratch/mdmc/appliedAI/SEM/public_dataset/Complete_dataset/Biological/L7_e7d01fe73442b8de9ba07522b87b0641.jpg,2,0.9999130600165113,True
C1_20.tif,/orfeo/cephfs/scratch/mdmc/appliedAI/SEM/backup_folder/GiovanniDS/2015-06-30/C1_20.tif,L6_f35c39ee310dad7f2ffd7ab6c413f4a3.jpg,/orfeo/cephfs/scratch/mdmc/appliedAI/SEM/public_dataset/Complete_dataset/Nanowires/L6_f35c39ee310dad7f2ffd7ab6c413f4a3.jpg,4,0.9995503542082157,True
pillar_icp_30min02.tif,/orfeo/cephfs/scratch/mdmc/appliedAI/SEM/backup_folder/Melli M/09_01_12/09_01_14/pillar_icp_30min02.tif,L1_34bbdd5e74ed81d9e59bde77e968c1f8.jpg,/orfeo/cephfs/scratch/mdmc/appliedAI/SEM/public_dataset/Complete_dataset/Patterned_surface/L1_34bbdd5e74ed81d9e59bde77e968c1f8.jpg,8,0.9989191855254991,True
sint_450_1h14.tif,/orfeo/cephfs/scratch/mdmc/appliedAI/SEM/backup_folder/Giusy/Nanostructures/TiO2 paste/Menthol/Menthol_TiO2_50_50/Menthol_TiO2(evonik)_50_50/450C/sint_1h/sint_450_1h14.tif,L4_a7be6029a463d638fc393a7c3707a14b.jpg,/orfeo/cephfs/scratch/mdmc/appliedAI/SEM/public_dataset/Complete_dataset/Powder/L4_a7be6029a463d638fc393a7c3707a14b.jpg,4,0.9989685778109163,True
L_ITO_11_3_02.tif,/orfeo/cephfs/scratch/mdmc/appliedAI/SEM/backup_folder/Lorenzo D/L_ITO_11 + A_ITO_3/L_ITO_11_3_02.tif,L2_f36ce3bb5e59439fdb5e6fd370dcf353.jpg,/orfeo/cephfs/scratch/mdmc/appliedAI/SEM/public_dataset/Complete_dataset/Particles/L2_f36ce3bb5e59439fdb5e6fd370dcf353.jpg,6,0.9989370155053344,True
dw_130207_09.tif,/orfeo/cephfs/scratch/mdmc/appliedAI/SEM/backup_folder/luca_p/070220/dw_130207_09.tif,L6_208acd2fa4133f8ab81ca76685a38700.jpg,/orfeo/cephfs/scratch/mdmc/appliedAI/SEM/public_dataset/Complete_dataset/Nanowires/L6_208acd2fa4133f8ab81ca76685a38700.jpg,2,0.9988616015284227,True
ITOw_5.4_20.tif,/orfeo/cephfs/scratch/mdmc/appliedAI/SEM/backup_folder/Lorenzo D/04_06/ITOw_5.4_20.tif,L6_86e6e63202699c43ae4dd266c7e687cf.jpg,/orfeo/cephfs/scratch/mdmc/appliedAI/SEM/public_dataset/Complete_dataset/Nanowires/L6_86e6e63202699c43ae4dd266c7e687cf.jpg,4,0.9972717929031594,True
ADF1_2_00.tif,/orfeo/cephfs/scratch/mdmc/appliedAI/SEM/backup_folder/Greco S M L/MF_Cut_2/ADF1_2_00.tif,L8_42085c5448fcb718216f533623d346ff.jpg,/orfeo/cephfs/scratch/mdmc/appliedAI/SEM/public_dataset/Complete_dataset/MEMS_devices_and_electrodes/L8_42085c5448fcb718216f533623d346ff.jpg,8,0.9954977974562523,True
LILIT_30J_1h_crescita_06.tif,/orfeo/cephfs/scratch/mdmc/appliedAI/SEM/backup_folder/Grenci G/napanil/modines/2009-10-29/LILIT_30J_1h_crescita_06.tif,L8_b2a2acd14027749b1e77afe683de0188.jpg,/orfeo/cephfs/scratch/mdmc/appliedAI/SEM/public_dataset/Complete_dataset/MEMS_devices_and_electrodes/L8_b2a2acd14027749b1e77afe683de0188.jpg,4,0.997869563176206,True
Andrea_17.tif,/orfeo/cephfs/scratch/mdmc/appliedAI/SEM/backup_folder/denis/14-07-30/Andrea_17.tif,L6_74cb3f800248791566e027fb15d69918.jpg,/orfeo/cephfs/scratch/mdmc/appliedAI/SEM/public_dataset/Complete_dataset/Nanowires/L6_74cb3f800248791566e027fb15d69918.jpg,8,0.9860278872101852,True
BLT_OEG_q1_4c_3r_00.tif,/orfeo/cephfs/scratch/mdmc/appliedAI/SEM/backup_folder/DanieleB/biotin nps/Kisker beads-sept2013/BLT_OEG_q1_4c_3r_00.tif,L1_f8d1b148feba43187ef2ad2474a9d6c0.jpg,/orfeo/cephfs/scratch/mdmc/appliedAI/SEM/public_dataset/Complete_dataset/Patterned_surface/L1_f8d1b148feba43187ef2ad2474a9d6c0.jpg,2,0.9978598719050729,True
A66_8DIV_11_03_25_CNT_55.tif,/orfeo/cephfs/scratch/mdmc/appliedAI/SEM/backup_folder/denis/11-04-05/A66_8DIV_11_03_25_CNT_55.tif,L7_e6da672c06ebc2aee47df82de0de1897.jpg,/orfeo/cephfs/scratch/mdmc/appliedAI/SEM/public_dataset/Complete_dataset/Biological/L7_e6da672c06ebc2aee47df82de0de1897.jpg,4,0.9990282676492672,True
B03_T_26.tif,/orfeo/cephfs/scratch/mdmc/appliedAI/SEM/backup_folder/Orru M/140523 -  Batch 140522/B03_T_26.tif,L8_562e8b83a248f5c7333b284fdf599bff.jpg,/orfeo/cephfs/scratch/mdmc/appliedAI/SEM/public_dataset/Complete_dataset/MEMS_devices_and_electrodes/L8_562e8b83a248f5c7333b284fdf599bff.jpg,4,0.9988499882175993,True
Si_15.tif,/orfeo/cephfs/scratch/mdmc/appliedAI/SEM/backup_folder/Dalmiglio M/22-04-08/Si/Si_15.tif,L2_a7bea03977acd2ad6e6988bfdf818fb2.jpg,/orfeo/cephfs/scratch/mdmc/appliedAI/SEM/public_dataset/Complete_dataset/Particles/L2_a7bea03977acd2ad6e6988bfdf818fb2.jpg,4,0.9971665003381006,True
D16Sigma20Mg12.tif,/orfeo/cephfs/scratch/mdmc/appliedAI/SEM/backup_folder/luca_p/141010/D16Sigma20Mg12.tif,L2_67493e7678c44656ed419ed739829294.jpg,/orfeo/cephfs/scratch/mdmc/appliedAI/SEM/public_dataset/Complete_dataset/Particles/L2_67493e7678c44656ed419ed739829294.jpg,8,0.995566063435677,True
Ectched_Si_12.tif,/orfeo/cephfs/scratch/mdmc/appliedAI/SEM/backup_folder/Grenci G/napanil/modines/2010-02-13-Glasgow-etchSi/Ectched_Si_12.tif,L8_6b886e05972ce56ea7bea14560b21b41.jpg,/orfeo/cephfs/scratch/mdmc/appliedAI/SEM/public_dataset/Complete_dataset/MEMS_devices_and_electrodes/L8_6b886e05972ce56ea7bea14560b21b41.jpg,2,0.9887965281499709,True
LX211_O2_06.tif,/orfeo/cephfs/scratch/mdmc/appliedAI/SEM/backup_folder/Giorgis V/20120316/LX211_O2_06.tif,L1_76d79e8a7ea932cfcb4ff123628e974d.jpg,/orfeo/cephfs/scratch/mdmc/appliedAI/SEM/public_dataset/Complete_dataset/Patterned_surface/L1_76d79e8a7ea932cfcb4ff123628e974d.jpg,0,0.9996389538606232,True
Neurons-on-OX-GR-03.tif,/orfeo/cephfs/scratch/mdmc/appliedAI/SEM/backup_folder/denis/15-12-29/Neurons-on-OX-GR-03.tif,L7_c84ab7b288dca0a2fded142be10b5633.jpg,/orfeo/cephfs/scratch/mdmc/appliedAI/SEM/public_dataset/Complete_dataset/Biological/L7_c84ab7b288dca0a2fded142be10b5633.jpg,0,0.9998734544972753,True
A18_BL_14.tif,/orfeo/cephfs/scratch/mdmc/appliedAI/SEM/backup_folder/Orru M/140226 - nw - test3/A18_BL_14.tif,L8_ab327a0a79e682163078096cd70a11a6.jpg,/orfeo/cephfs/scratch/mdmc/appliedAI/SEM/public_dataset/Complete_dataset/MEMS_devices_and_electrodes/L8_ab327a0a79e682163078096cd70a11a6.jpg,8,0.997012978059975,True
AC_01.tif,/orfeo/cephfs/scratch/mdmc/appliedAI/SEM/backup_folder/Giusy/crosslinked_TiO2/AIBN_TiO2_CANFORA/imaging test/TiO2_canphor_30_70/riferimento al peso di TiO2/AC_01.tif,L4_604a808fe2063723e12e643e71ed6a65.jpg,/orfeo/cephfs/scratch/mdmc/appliedAI/SEM/public_dataset/Complete_dataset/Powder/L4_604a808fe2063723e12e643e71ed6a65.jpg,0,0.9998839465407637,True
A15_BR_06.tif,/orfeo/cephfs/scratch/mdmc/appliedAI/SEM/backup_folder/Orru M/140127 - NW - Batch140127 - NiGeAu dose 330/A15_BR_06.tif,L8_c06ec93d1c3514429e51552dcfa5ed4d.jpg,/orfeo/cephfs/scratch/mdmc/appliedAI/SEM/public_dataset/Complete_dataset/MEMS_devices_and_electrodes/L8_c06ec93d1c3514429e51552dcfa5ed4d.jpg,2,0.9987962734199258,True
A66C06.tif,/orfeo/cephfs/scratch/mdmc/appliedAI/SEM/backup_folder/denis/11-06-03/A66C06.tif,L7_e0ff8c4956059a0503d9929e1dbf8c27.jpg,/orfeo/cephfs/scratch/mdmc/appliedAI/SEM/public_dataset/Complete_dataset/Biological/L7_e0ff8c4956059a0503d9929e1dbf8c27.jpg,6,0.9990046335750385,True
B06_L_68.tif,/orfeo/cephfs/scratch/mdmc/appliedAI/SEM/backup_folder/Orru M/140531 - Batch140522 - after m/B06_L_68.tif,L8_e7a276d5e3ea503e5006c817f2928eb4.jpg,/orfeo/cephfs/scratch/mdmc/appliedAI/SEM/public_dataset/Complete_dataset/MEMS_devices_and_electrodes/L8_e7a276d5e3ea503e5006c817f2928eb4.jpg,6,0.9986607944504137,True
Roma_etch55sec_zigzag200_01.tif,/orfeo/cephfs/scratch/mdmc/appliedAI/SEM/backup_folder/Grenci G/nanoscale-master-roma/2009-09-10/Roma_etch55sec_zigzag200_01.tif,L1_4b6face1affeeaf0782a81679a4d02cd.jpg,/orfeo/cephfs/scratch/mdmc/appliedAI/SEM/public_dataset/Complete_dataset/Patterned_surface/L1_4b6face1affeeaf0782a81679a4d02cd.jpg,2,0.9947231279691515,True
TD02.tif,/orfeo/cephfs/scratch/mdmc/appliedAI/SEM/backup_folder/luca_p/SEMSchool151006/TD02.tif,L2_6e7708d4c824ac4559b47c073c35b79f.jpg,/orfeo/cephfs/scratch/mdmc/appliedAI/SEM/public_dataset/Complete_dataset/Particles/L2_6e7708d4c824ac4559b47c073c35b79f.jpg,4,0.9985277554096674,True
